feature_map,n_pool,n_qubits,acc_mean,acc_std,f1_mean,f1_std,mcc_mean,mcc_std
HEE,400,4,0.7625000000000001,0.049999999999999975,0.7607565478505413,0.04883341889825089,0.6849501966867243,0.06496746923944996
HEE,400,8,0.7000000000000001,0.04330127018922192,0.7000202432647876,0.04521910926574355,0.6056696197263224,0.06330108933539237
HEE,400,12,0.6041666666666666,0.047324236215002244,0.5932542220335824,0.047534938060334535,0.506422214463185,0.03283125083513574
HEE,400,16,0.3125,0.012500000000000011,0.20161934191539452,0.023362439306121266,0.1774886143281489,0.029901894512052034
HEE,400,20,0.25416666666666665,0.007216878364870309,0.17708766666666667,0.008302874221216002,0.13791933333333334,0.00784849955936377
HEE,800,4,0.8041666666666667,0.0036084391824351162,0.8023313511919353,0.003327251309725416,0.7412960250513541,0.006535006244346803
HEE,800,8,0.7999999999999999,0.022534695471649904,0.800835835495952,0.0223112325765141,0.7337860940794595,0.03022964204241899
HEE,800,12,0.7312500000000001,0.024999999999999953,0.7314344672760359,0.025610803516135434,0.6492336746566175,0.02792481000227723
HEE,800,16,0.39166666666666666,0.03662165798176448,0.33063454198421477,0.0598857439648226,0.3086710746023447,0.048165491560688584
HEE,800,20,0.2626,0.011294689017409905,0.18679,0.01299445250866691,0.14709066666666668,0.012283171306032225
HEE,1200,4,0.7805555555555556,0.03938179688543838,0.7778298690286428,0.04171303724814204,0.7090012525976069,0.05161311910688788
HEE,1200,8,0.7736111111111111,0.0700115731173809,0.7728436394342686,0.07140285169180738,0.6983921543683049,0.09378470810285851
HEE,1200,12,0.7277777777777779,0.07001157311738093,0.7260276677474119,0.07271892553723584,0.6408112700216949,0.09456704144507745
HEE,1200,16,0.4597222222222222,0.010485881160098263,0.4369515741926022,0.009206972400400497,0.37894362300852164,0.01585693582403622
HEE,1200,20,0.27509999999999996,0.011294689017409895,0.20117166666666667,0.01299457203348125,0.16068433333333332,0.012282622372007276
HEE,1600,4,0.8083333333333332,0.020807275370248096,0.8063999252726473,0.02061257079271594,0.7455541296858477,0.028156865607944448
HEE,1600,8,0.8072916666666666,0.036219455522320185,0.807124861076668,0.03510831025833508,0.743029825220432,0.04838487004729132
HEE,1600,12,0.7781250000000001,0.03603925810834627,0.7788385955041613,0.03440296403298479,0.7050809979122509,0.047835683755638785
HEE,1600,16,0.5572916666666666,0.009547032697824684,0.5525952776136797,0.014510136313113103,0.4897830393417624,0.006958305498989224
HEE,1600,20,0.2876,0.011294689017409905,0.21555266666666664,0.012994572033481274,0.17427800000000002,0.01228305177877225
HEE,2000,4,0.8083333333333332,0.01909406539564934,0.8073139675135842,0.019152825231003635,0.7448162960484547,0.025552678505669103
HEE,2000,8,0.7783333333333333,0.02402255884233267,0.777797892512803,0.024392077018870115,0.7051232230975981,0.032303949651506826
HEE,2000,12,0.7983333333333333,0.023228933107943953,0.7981297004547586,0.02311040499056699,0.7318387263404441,0.030929558837327255
HEE,2000,16,0.6375000000000001,0.03682729965664056,0.6321782733812058,0.04242586711817635,0.5612190773749461,0.04251967258921747
HEE,2000,20,0.3001,0.011294689017409905,0.22993366666666668,0.01299457203348125,0.187872,0.01228305177877225
IQP,400,4,0.5499999999999999,0.03750000000000006,0.547093038762418,0.03436952496637063,0.4014371491656182,0.05133650906426602
IQP,400,8,0.3833333333333333,0.04389855730355307,0.364342149083206,0.02646203909128027,0.18074975913807476,0.06323352636234898
IQP,400,12,0.2791666666666667,0.02886751345948128,0.15929000237485846,0.05560446895212488,0.033026287455480766,0.05260209238717192
IQP,400,16,0.2625,0.0,0.1039603960396039,0.0,0.0,0.0
IQP,400,20,0.2625,0.0,0.10396,0.0,0.0,0.0
IQP,800,4,0.5791666666666666,0.02366211810750107,0.5759566275463903,0.0264456537284743,0.43968666683005303,0.031810066636785046
IQP,800,8,0.4145833333333333,0.047324236215002285,0.40469711568491995,0.040914554896853125,0.2204128724833091,0.06517258795096838
IQP,800,12,0.40208333333333335,0.042542870534712784,0.34881163264671217,0.0410559674355571,0.2220669332872891,0.06513728867332885
IQP,800,16,0.26666666666666666,0.007216878364870353,0.11298939888267946,0.01563869166589073,0.020199393847716202,0.03498637642633866
IQP,800,20,0.2625,0.0,0.10396,0.0,0.0,0.0
IQP,1200,4,0.6124999999999999,0.03254270698294441,0.6101877098536427,0.03325286217583203,0.483448219381776,0.04369922548194832
IQP,1200,8,0.43333333333333335,0.03974746672570608,0.4199496461659262,0.029222466834093946,0.2463087571790925,0.056259615559471565
IQP,1200,12,0.3916666666666666,0.021650635094611015,0.3656999416725404,0.019474298634315972,0.192741718106468,0.02697277602954202
IQP,1200,16,0.28611111111111115,0.030712978315966612,0.1569927084570745,0.06164886711305321,0.05692306713880204,0.06021236848159222
IQP,1200,20,0.2625,0.0,0.10396,0.0,0.0,0.0
IQP,1600,4,0.6708333333333334,0.01909406539564934,0.6673048660895642,0.017192294424628513,0.5620317267008655,0.02598557764983755
IQP,1600,8,0.44687499999999997,0.04098399077688751,0.44428702281365995,0.04172728696733762,0.2622291858148967,0.05485501374186597
IQP,1600,12,0.38125000000000003,0.03603925810834625,0.3533112267617986,0.030622545524447174,0.17682052200195228,0.051657405924749725
IQP,1600,16,0.2989583333333333,0.02260680668146951,0.21356251330613354,0.024404765669103764,0.07424635079304066,0.04773663954274645
IQP,1600,20,0.2625,0.0,0.10396,0.0,0.0,0.0
IQP,2000,4,0.6691666666666668,0.006291528696059019,0.6684537602174516,0.0077698192895830935,0.5591269032822779,0.008308867405186224
IQP,2000,8,0.465,0.05202163011671205,0.4643833472170895,0.05258729171957982,0.28602158499256497,0.06958964676748655
IQP,2000,12,0.4266666666666667,0.023629078131263057,0.4106079692447809,0.022145730649917383,0.23748227860925186,0.03156218241287686
IQP,2000,16,0.3383333333333334,0.008036375634160766,0.2662474750334469,0.013652144220422836,0.1363309965777532,0.012786794607904852
IQP,2000,20,0.2625,0.0,0.10396,0.0,0.0,0.0
RBF-Class,400,4,0.8541666666666666,0.01909406539564934,0.8531062705222157,0.01985999204924273,0.8068755364050236,0.02516292268765534
RBF-Class,400,8,0.85,0.02165063509461097,0.8486182163860588,0.021684662771912448,0.8021749556166421,0.029866930081022553
RBF-Class,400,12,0.8666666666666667,0.03145764348029476,0.8639529421291704,0.03312730162637794,0.8240635566101159,0.04057522309751171
RBF-Class,400,16,0.8916666666666666,0.03818813079129869,0.8902541571817925,0.03847415333709392,0.857253256326093,0.049193461400686485
RBF-Class,400,20,0.875,0.03307189138830739,0.8741816666666667,0.03373011651822947,0.8340299999999999,0.04384368988805568
RBF-Class,800,4,0.8770833333333333,0.007216878364870297,0.8760139730616961,0.00782862259617068,0.8375555702244712,0.008882701086588233
RBF-Class,800,8,0.8895833333333334,0.02366211810750108,0.8882994338872737,0.024842823557498048,0.8540347274732976,0.030293115004028547
RBF-Class,800,12,0.8666666666666667,0.032072508996543014,0.8648550013452221,0.033123864037309735,0.8229834772800638,0.042696094599203094
RBF-Class,800,16,0.8916666666666666,0.021949278651776517,0.8901315587186351,0.022932741616283933,0.857022912765951,0.02778466567500617
RBF-Class,800,20,0.8833666666666667,0.013002435669263441,0.882715,0.013261523027163971,0.8451223333333333,0.0172375947374723
RBF-Class,1200,4,0.8513888888888889,0.025115474055590475,0.8503490854225504,0.027026121886243214,0.8023961828371539,0.03337055977446729
RBF-Class,1200,8,0.8416666666666667,0.025344843876242567,0.841164435692623,0.02702230484794173,0.7894678270695525,0.03381723543055048
RBF-Class,1200,12,0.8597222222222222,0.02294821061369208,0.8592662621142865,0.024350507039670392,0.8132211821932863,0.030446775753127393
RBF-Class,1200,16,0.8555555555555555,0.020971762320196517,0.8548551632299525,0.022213987182464985,0.8078888730725001,0.028080060748670494
RBF-Class,1200,20,0.8597333333333333,0.008686963412685338,0.8586110000000001,0.008859741474783573,0.813791,0.011516751625349889
RBF-Class,1600,4,0.8562500000000001,0.01653594569415369,0.8554426167810204,0.01690180092095928,0.8083685450307286,0.021906901889180503
RBF-Class,1600,8,0.8624999999999999,0.029810600044279545,0.8612800691698591,0.030178211454244725,0.8168469456532521,0.03975103974271832
RBF-Class,1600,12,0.875,0.031715286140913186,0.8743391164287875,0.03229325243817337,0.8333883467282419,0.042199445044774894
RBF-Class,1600,16,0.8760416666666666,0.036219455522320254,0.8753396523856073,0.0369749315893259,0.8346960877917354,0.0482752627376053
RBF-Class,1600,20,0.8739666666666667,0.026171039974241216,0.8731276666666666,0.026692413984751043,0.8326603333333334,0.034695259248683094
RBF-Class,2000,4,0.8675,0.01952562418976665,0.8673387931381673,0.019758490723686906,0.8236695159329565,0.02586152728311181
RBF-Class,2000,8,0.8758333333333334,0.017017148213885138,0.8757874739592996,0.017292191630459686,0.8345380543035779,0.022732741656181082
RBF-Class,2000,12,0.8741666666666666,0.01607275126832153,0.8737687232432326,0.016375996104457172,0.8323327131627082,0.02130735707105264
RBF-Class,2000,16,0.8716666666666667,0.014215601757693326,0.8713691714131685,0.0143571660743792,0.8293211765563058,0.01899571603317925
RBF-Class,2000,20,0.8725,0.012500000000000039,0.871632,0.01274900000000001,0.8307160000000001,0.016571000000000002
RBF-Class-2n,400,4,0.85,0.02165063509461097,0.8486182163860588,0.021684662771912448,0.8021749556166421,0.029866930081022553
RBF-Class-2n,400,8,0.8916666666666666,0.03818813079129869,0.8902541571817925,0.03847415333709392,0.857253256326093,0.049193461400686485
RBF-Class-2n,400,12,0.8708333333333332,0.036084391824351594,0.8695674473813386,0.036971568936438715,0.8294135339943048,0.04701668643231705
RBF-Class-2n,400,16,0.8666666666666667,0.03145764348029476,0.8658026632994541,0.031168204802462882,0.823297687458421,0.04193624724982377
RBF-Class-2n,400,20,0.875,0.03307189138830739,0.8740899893338917,0.033230615946067014,0.8341562015915557,0.043766777943242935
RBF-Class-2n,800,4,0.8895833333333334,0.02366211810750108,0.8882994338872737,0.024842823557498048,0.8540347274732976,0.030293115004028547
RBF-Class-2n,800,8,0.8916666666666666,0.021949278651776517,0.8901315587186351,0.022932741616283933,0.857022912765951,0.02778466567500617
RBF-Class-2n,800,12,0.8895833333333334,0.018042195912175797,0.8877694252809633,0.019778459003071607,0.8541333440594694,0.022731774893096024
RBF-Class-2n,800,16,0.8979166666666667,0.020090939085401945,0.896185562711556,0.021183421074488968,0.8653470760764583,0.025371465149932146
RBF-Class-2n,800,20,0.8875000000000001,0.021650635094610914,0.8858589968273907,0.023410503834243476,0.8520598539126532,0.026016817447920948
RBF-Class-2n,1200,4,0.8416666666666667,0.025344843876242567,0.841164435692623,0.02702230484794173,0.7894678270695525,0.03381723543055048
RBF-Class-2n,1200,8,0.8555555555555555,0.020971762320196517,0.8548551632299525,0.022213987182464985,0.8078888730725001,0.028080060748670494
RBF-Class-2n,1200,12,0.8708333333333335,0.03145764348029482,0.8701526236483744,0.03283185125172952,0.8284789385409873,0.04161791978232476
RBF-Class-2n,1200,16,0.8652777777777777,0.023692669596155555,0.8646950959321749,0.024763777407734125,0.8208080411461146,0.0316028208507425
RBF-Class-2n,1200,20,0.8583333333333334,0.01816207893141949,0.8575437909037081,0.01918452135357999,0.8115397041007736,0.0241283578749882
RBF-Class-2n,1600,4,0.8624999999999999,0.029810600044279545,0.8612800691698591,0.030178211454244725,0.8168469456532521,0.03975103974271832
RBF-Class-2n,1600,8,0.8760416666666666,0.036219455522320254,0.8753396523856073,0.0369749315893259,0.8346960877917354,0.0482752627376053
RBF-Class-2n,1600,12,0.8718750000000001,0.02440703023720828,0.8710170391238927,0.02530894562537295,0.8293597342112058,0.03232099378054939
RBF-Class-2n,1600,16,0.875,0.02049199538844374,0.8742391617654501,0.020986109645181366,0.833498922662464,0.027443445716579352
RBF-Class-2n,1600,20,0.8760416666666666,0.02545164942264709,0.8752248145293536,0.026141961262044443,0.8348089825402473,0.03372121772801436
RBF-Class-2n,2000,4,0.8758333333333334,0.017017148213885138,0.8757874739592996,0.017292191630459686,0.8345380543035779,0.022732741656181082
RBF-Class-2n,2000,8,0.8716666666666667,0.014215601757693326,0.8713691714131685,0.0143571660743792,0.8293211765563058,0.01899571603317925
RBF-Class-2n,2000,12,0.8808333333333334,0.026020824993326672,0.8805503544599262,0.026016555260557166,0.8414345078222113,0.03448060960055787
RBF-Class-2n,2000,16,0.8799999999999999,0.01145643923738959,0.8794153112447698,0.011577023860179014,0.8401732289620926,0.015270301748093469
RBF-Class-2n,2000,20,0.8833333333333333,0.02402255884233263,0.8830045454208421,0.023828006186895775,0.8446618815371121,0.031995765908876865
W2K-Block,400,4,0.8541666666666666,0.01909406539564934,0.8525852218625278,0.0186339695887592,0.8076357763929396,0.026012252041316065
W2K-Block,400,8,0.875,0.024999999999999994,0.8734584109423648,0.025137928480664463,0.8340249978319442,0.03340930856538015
W2K-Block,400,12,0.875,0.024999999999999994,0.8737968491240524,0.02568571330849099,0.8342221614831896,0.03278105373426104
W2K-Block,400,16,0.8708333333333332,0.026020824993326683,0.8695444137517309,0.027007737169082814,0.829399469014025,0.034290505926335965
W2K-Block,400,20,0.7791666666666667,0.014433756729740658,0.7756473333333332,0.014896791645630719,0.706911,0.019130501169598264
W2K-Block,800,4,0.8770833333333333,0.015728821740147413,0.8756736395097873,0.016663500094016077,0.8375691471325099,0.02017891982278241
W2K-Block,800,8,0.8916666666666666,0.025259074277046094,0.8901732333687344,0.02650932898443369,0.8567710602171958,0.03227368331490335
W2K-Block,800,12,0.8791666666666668,0.01804219591217582,0.8771999664125082,0.01951097685888625,0.8398666894431748,0.023220363910686766
W2K-Block,800,16,0.8937499999999999,0.027243118397129167,0.8923152901452133,0.028482636038777574,0.8600035466152655,0.03420645874539469
W2K-Block,800,20,0.8562666666666666,0.028619282544000504,0.85522,0.02953699830720786,0.8091010000000001,0.037932278642338384
W2K-Block,1200,4,0.8472222222222222,0.03871488851323985,0.8460714724848594,0.040864709035109865,0.7968586247175752,0.05164490837767976
W2K-Block,1200,8,0.8513888888888889,0.015774745405000755,0.8508650392781171,0.016940047723122055,0.8022109229428138,0.021289422942551497
W2K-Block,1200,12,0.8583333333333334,0.023199018178458417,0.8573240516340436,0.024893224836852797,0.8118379443951856,0.030632822648949908
W2K-Block,1200,16,0.8555555555555555,0.02055367859298437,0.8551063431120712,0.021848834291895027,0.807745022378167,0.027319382219377894
W2K-Block,1200,20,0.8430333333333334,0.025455123911176145,0.841562,0.02627125887733592,0.7915613333333335,0.03373878620124516
W2K-Block,1600,4,0.8635416666666668,0.033705603515340514,0.8626236724606349,0.03412643381768847,0.818372032436098,0.04491012214609578
W2K-Block,1600,8,0.86875,0.027243118397129187,0.8678198079723245,0.02750644134292223,0.8252650518715668,0.036570399265713975
W2K-Block,1600,12,0.8718750000000001,0.027775607554111254,0.8710089422344026,0.028053162289354984,0.8292836893211321,0.036993136251825424
W2K-Block,1600,16,0.8760416666666666,0.026020824993326627,0.8751955984760104,0.02628156923042187,0.834856088474705,0.03464881398425987
W2K-Block,1600,20,0.8489666666666666,0.013002435669263417,0.847686,0.013419570335893813,0.7994253333333333,0.01723399156705532
W2K-Block,2000,4,0.8716666666666667,0.025041632002194555,0.8715197539541463,0.02531707206188046,0.8289063134589035,0.03333564936808956
W2K-Block,2000,8,0.8733333333333334,0.023094010767585042,0.8730724072519482,0.023203758492770295,0.831298043520902,0.030561300079834406
W2K-Block,2000,12,0.8741666666666666,0.020361319538117647,0.8738655209540199,0.020395386939382202,0.8323668711621325,0.02698297416259537
W2K-Block,2000,16,0.88,0.019525624189766604,0.8795764760847091,0.019768935124532545,0.8400841134632658,0.025960846091338252
W2K-Block,2000,20,0.8666666666666666,0.023228933107943918,0.8659530000000001,0.02397398095853084,0.8228853333333334,0.030787914939685867
ZZ,400,4,0.3041666666666667,0.03818813079129868,0.2499524942776036,0.1271993869561072,0.0667536570659662,0.06034875519523902
ZZ,400,8,0.3125,0.04330127018922193,0.25424400469444863,0.06386338501563453,0.08820178767908916,0.059757394195748784
ZZ,400,12,0.2625,0.0,0.1039603960396039,0.0,0.0,0.0
ZZ,400,16,0.2625,0.0,0.1039603960396039,0.0,0.0,0.0
ZZ,400,20,0.2625,0.0,0.1039603960396039,0.0,0.0,0.0
ZZ,800,4,0.2520833333333334,0.029536347664078817,0.19735873857700081,0.0854760786466736,-0.0035311287659113657,0.037073540263486277
ZZ,800,8,0.2708333333333333,0.014433756729740633,0.16242377036052333,0.10126153470575007,0.015539293210765,0.026914845354755093
ZZ,800,12,0.2625,0.0,0.1039603960396039,0.0,0.0,0.0
ZZ,800,16,0.2625,0.0,0.1039603960396039,0.0,0.0,0.0
ZZ,800,20,0.2625,0.0,0.1039603960396039,0.0,0.0,0.0
ZZ,1200,4,0.29583333333333334,0.019094065395649295,0.29340484787716137,0.01743995799979696,0.06027346913269094,0.02644865003481134
ZZ,1200,8,0.26805555555555555,0.0063646884652164585,0.20734207412299246,0.09024393953597602,0.0159804759861884,0.015409143226418712
ZZ,1200,12,0.2638888888888889,0.0024056261216234,0.10439464999131487,0.000752149907750954,0.0,0.0
ZZ,1200,16,0.2638888888888889,0.0024056261216234,0.10439464999131487,0.000752149907750954,0.0,0.0
ZZ,1200,20,0.2638888888888889,0.0024056261216234,0.10439464999131487,0.000752149907750954,0.0,0.0
ZZ,1600,4,0.29270833333333335,0.04254287053471277,0.2915966525421627,0.041110837643639465,0.056614064688811194,0.057223726301927985
ZZ,1600,8,0.26145833333333335,0.007216878364870332,0.15051544874567716,0.0789419864733267,3.091186655296855e-05,5.354092342653055e-05
ZZ,1600,12,0.265625,0.0,0.1049382716049382,0.0,0.0,0.0
ZZ,1600,16,0.265625,0.0,0.1049382716049382,0.0,0.0,0.0
ZZ,1600,20,0.265625,0.0,0.1049382716049382,0.0,0.0,0.0
ZZ,2000,4,0.3025,0.03307189138830738,0.2466886305366399,0.12298082184274506,0.0625071385362158,0.05462552002349614
ZZ,2000,8,0.2708333333333333,0.012332207155790576,0.21299580409592175,0.09490348518209267,0.0187623288841209,0.022222886678171405
ZZ,2000,12,0.265,0.0,0.1047430830039525,0.0,0.0,0.0
ZZ,2000,16,0.265,0.0,0.1047430830039525,0.0,0.0,0.0
ZZ,2000,20,0.265,0.0,0.1047430830039525,0.0,0.0,0.0
